<?xml version="1.0" encoding="UTF-8" standalone="no" ?>
<ApplicationInstallerManifest>
  <DefaultInstallationDirectory>/Applications/processAndPostImages</DefaultInstallationDirectory>
  <ApplicationName>processAndPostImages</ApplicationName>
  <ExecutableName>application/</ExecutableName>
  <GUID>b1b2dd2f-164e-499e-87ab-b80639034679</GUID>
  <ApplicationIcon>icon_48.png</ApplicationIcon>
  <Logo>temp_default_logo.png</Logo>
  <Version>1.0</Version>
  <InstallationNotes>In the following directions, replace MR/R2023b by the directory on the target machine where MATLAB is installed, or MR by the directory where the MATLAB Runtime is installed.

If the environment variable DYLD_LIBRARY_PATH is undefined, set it to the following string:

MR/R2023b/runtime/maca64:MR/R2023b/sys/os/maca64:MR/R2023b/bin/maca64

If it is defined, set it to the following:

${DYLD_LIBRARY_PATH}:MR/R2023b/runtime/maca64:MR/R2023b/sys/os/maca64:MR/R2023b/bin/maca64


</InstallationNotes>
  <WelcomePanelText>processAndPostImages 1.0</WelcomePanelText>
  <MCRProducts>
    <MCRProduct>
      <ExternalProductIdentifier>35002</ExternalProductIdentifier>
    </MCRProduct>
    <MCRProduct>
      <ExternalProductIdentifier>35003</ExternalProductIdentifier>
    </MCRProduct>
    <MCRProduct>
      <ExternalProductIdentifier>35010</ExternalProductIdentifier>
    </MCRProduct>
  </MCRProducts>
</ApplicationInstallerManifest>
